﻿觀光遊憩區別,門票收入,遊客人次,上年同月份遊客人次,增減數,成長率,備註
小人國企業股份有限公司,26645119,71767,78866,-7099,-9,門票
埔心牧場,6713797,50973,30946,20027,64.72,門票
小烏來風景特定區,0,"48,267","44,473",3794,8.53,電信數據人次推估
石門水庫,1594586,"186,960","222,384",-35424,-15.93,電信數據人次推估
慈湖,0,"261,838","265,661",-3823,-1.44,電信數據人次推估
角板山遊憩區,0,"89,234","98,569",-9335,-9.47,電信數據人次推估
虎頭山風景特定區,0,"285,503","322,772",-37269,-11.55,電信數據人次推估
竹圍漁港,0,"190,489","210,379",-19890,-9.45,電信數據人次推估
大溪老城區,0,"452,282","524,232",-71950,-13.72,電信數據人次推估
桃園市客家文化館,0,"50,001",61833,-11832,-19.14,人工估算
永安漁港,0,"219,624",195028,24596,12.61,電信數據人次推估
新屋綠色走廊,0,238395,240560,-2165,-0.9,電信數據人次推估
觀音蓮花園休閒農業區,0,195814,219777,-23963,-10.9,電信數據人次推估
龍潭大池,0,"283,264",380972,-97708,-25.65,電信數據人次推估
大溪月眉休閒農業區,0,116055,132336,-16281,-12.3,電信數據人次推估
拉拉山風景區,0,33879,40058,-6179,-15.43,電信數據人次推估
草漯沙丘地質公園,0,124854,145802,-20948,-14.37,電信數據人次推估
老街溪沿岸步道,0,940019,0,--,--,電信數據人次推估
八德埤塘自然生態公園,0,117440,0,--,--,電信數據人次推估
1895乙未保台紀念公園,0,144331,0,--,--,電信數據人次推估
